label,text
好评,"质量好,做工也不错,尺码标准,"
好评,裤子质量很好，裤型不错，而且穿起来显瘦，性比价高，是我喜欢的布料，不起球，值得购买，
好评,做工很好，货真价实，质量不错满意！
好评,真是不错呢！裤子质量很好，穿着也很有型，帅帅的，更喜欢他了呢！快递很快，态度也特别好，跟客服咨询问题能够得到快快速的回答，下次还会光顾，么么哒
好评,品质还可以，就是有点掉色，可以接受
好评,质量不错，尺码大小合适，很喜欢
好评,很喜欢，很满意，下次我还会再来的，不会掉色，质量很不错的
好评,质量不错，价格不贵，穿上裤型很好，快递小哥超级赞
好评,裤子没有色差，尺码也正好，而且还有弹力，真心不错！
好评,裤子真心不错 店家态度也很好 还会再光顾的。
好评,宝贝收到了，试了一下，穿上挺舒服的，是正品，综合给好评
好评,东西很好大小刚刚合适，关键发货快啊，收藏店铺了，下次还会来
好评,裤子到了，物流挺快的，裤子质量也很好，有弹性，无色差，我很喜欢，好评！！！
好评,裤子收到了，质量非常好，这个价格买到这个料子的裤子简直太高兴了，下次还来这家店买，建议大家可以买，质量很好
好评,京东购物很给力，支持京东！！！
好评,裤子不错，掉色不掉色还不知道，就这样了
好评,很不错，有弹性。尺寸可能是面料有弹性的原因吧，稍微感觉有一点点偏大，不过一点不影响。
好评,照片拍的不行，但东西挺好，是我买的第二条了，很喜欢这样的裤子，物流也中。
好评,裤子给孩子买的，还行，后边又买了一条，穿了一阵了算是成功的购物
好评,布料柔软 版型很正 根据评论数选的裤子没让人失望 好评！
好评,值得信赖的大品牌，包装很精美质量更加没话话。客服也很尽责，怕我码数拍大了还特地提醒我。
好评,裤子很不错 弹性很好 颜色也很正 以后就来这里买啦 我已经介绍小伙伴们来啦
好评,超薄舒适，就是才洗一次就有点掉色了
好评,还不错！这个价位算是物有所值了！
好评,有点大了！但是还凑合！不错！值得拥有
好评,质量杠杠的，物流配送速度快，还会继续购买关注这个品牌。
好评,裤子回来了。真的没有想到这么好，穿上很帅气。特别有型。对比其它家的也不错。这个价格更值得。客服也特别有耐性。好评
好评,商品刚收到，试第一下，穿着舒适，大小适中。店家服务热情，耐心周到。快递员服务文明，辛苦了!
好评,没色差，款式也不错，穿上很舒服
好评,裤子还没穿，今天刚收到，看了一下，还不错
好评,第二次购买啦！上次买的那一条，质量很好。现在收到货了，质量还是一如既往的好。这种裤子蛮有弹性的，是买给老公上班可以替换穿的。这一家的码数不偏差，老公穿的很舒适，才叫我回来在这一家在过买的。
好评,颜色跟一般墨绿色不一样，尺寸偏小
好评,质量不错，面料好，做工不错，穿上挺舒服的，大小合适
好评,很好的裤子质量不错，尺码也标准。卖家服务周到，售后服务满意
好评,"衣服已经收到了,物流挺快的,质量还不错,试穿了大小也合身,大气上档次，颜色也和图上的一样,款式大方,好搭配.手感摸着衣服的面料还挺柔软的,不会起皱，版型时尚修身，穿着也很舒服.超喜欢，很满意的一次网购，五分好评"
好评,衣服真的很不错，质量看起来特别好
好评,质量很好，非常的舒服，大小合适，做工很精细，包装的很好，没有失望哦！发货很快！
好评,裤子收到了，超级不错哦，面料挺好的，版型好看
好评,衣服的手感和做工都还不错，价格不贵，没有色差，大小也合适，卖家发货速度也很快
好评,质量不错，很满意，样式也很好。
好评,质量没得说，裤子很舒服！！这个价位太值了！包装很好~~发货也很快~~非常好的宝贝~~ 客服态度超好~~下次还会来的~~
好评,裤子不错，大小合适 穿上很舒服，很满意。
好评,好多年以前买过这个牌子的衣服，感觉质量不错，所以这次买几件试试，穿上还是比较舒服的，价格比较实惠，版型也非常适合。不错。
好评,裤子穿着非常舒服，面料也很好，穿得很得体。很赞的裤子，以后也会再来买，多多光顾～～
好评,裤子不错。不硬。上身效果棒棒的
好评,裤子质量很好 发货速度也很及时 之前就想买了 价钱也公道 喜欢的赶紧拍下吧
好评,还不错，穿着舒服，价钱便宜，班尼路挺不错
好评,第二次买，很舒服，如果想紧身，建议买小一码
好评,裤子质量不错穿着很舒服 样子也好看 性价比超高 真是物美价廉啊！！！
好评,宝贝收到了，拿来送人的，很满意。质量挺好的，面料什么的也没的说。店家服务态度很不错，物流特别快。下次还会来买的。
好评,"试穿一下刚好合身,还没洗不知道会掉颜色吗质量挺好。"
好评,这个裤子不错，你们可以考虑一下。穿起来挺舒服的，真的。
好评,颜色很正，质量很好，面料很舒服，夏天也不会觉得很热，洗了也不掉色。
好评,面料舒服，穿着合身，这个夏天正适合。
好评,穿过才来评价，非常好，好评，纯棉，打底最后，本人173com，体重118刚刚好
好评,三天就收到货了 速度很给力 喜欢
好评,裤子面料很不错穿上效果好很满意的一次购物
好评,质量不错，做工细致，主要是码数标准，穿上刚好特舒服的，很满意，赞一个。
好评,大小合适，质量不错，穿在身上效果很好
好评,质量很好，面料不错，老公很喜欢，穿的很舒服，卖家服务态度好，发货速度快，好评！
好评,牛仔裤质量不错，大小合身，料子穿着也舒服，版型不错，样式跟图片一样，没有色差！不错满意，老板发货也快！
好评,给爸爸买的裤子非常好看，大小正合适，布料舒服?，下次继续光临哦?
好评,"裤子质量很好,老公很喜欢,大小合适,不错,"
好评,还不错，摸起来蛮舒服的，质感还可以
好评,手感不错，材料也很好，总之这个价格算是很值得。
好评,裤子很好，感觉和图片上是一样的，服务也很好。希望下次还能再次光临小店购买东西……
好评,不错哦，刚刚合适哦！老顾客，就是质量好，老板很好说话哦！
好评,质量很好哦 版型也不错 老公很喜欢 价格超实惠 确实不错 客服服务很好 推荐的大小刚刚好 很满意的
好评,衣服不错，宽松一点，挺好的。
好评,不错，给哥哥买的裤子，他穿着很合身，很舒服，没买错?
好评,宝贝已经收到了，质量和版型都很不错，也没有色差，而且物流速度也非常给力，客服态度好，下次买裤子还会多多关顾的
好评,比我想象的好，手机拍摄的照片要比实际鲜艳一点。
好评,裤子质量很好，布料不错，没色差，大小也合适穿着很舒服 好评！
好评,衣服挺好，很喜欢，物流配送也不错，下次继续。
好评,收到货了 是正品 而且码数刚好 质量又很好
好评,给朋友买的，裤子很合身，穿起来很舒服，不褪色比较不错哦！喜欢的朋友赶紧下手吧
好评,衣服穿着还可以，就是快递有点慢。
好评,穿起来很合身颜色也对弹性好很舒服
好评,裤子做工质量很不错 已经是第二次购买 依旧还是很好 样式、大小、尺码都很合适 无色差 物美价廉 还会继续支持。
好评,第一次买该品牌的牛仔裤，裤子质量不错，就是裤子上有那些一条一条类似划伤的装饰，感觉挺别扭的
好评,收到了，质量很好，穿上很舒服，料子也不错软软的
好评,裤子不错，搞活动买的，下次还会来光顾的啊。
好评,物流很快，不到3天就到了，而且这条裤子的质量很好，我很喜欢
好评,下次还是在京东购买，这个品牌的衣服不错，家人很喜欢。
好评,质量很好，很喜欢，价格也划算。
好评,确实超值，值得购买，想买的赶紧买。不要犹豫，不要纠结
好评,还不赖，适合夏天穿。。。。。。。。。。。。。
好评,裤子穿起来很合身，也挺舒服，质量不错，衣服面料挺好的，这次购物很愉快
好评,裤子穿着合身，款式时尚，没有色差。
好评,裤带做工和用聊一点都不讲究。还有许多地方值得改进。
好评,第二次买啦，上次买的非常舒服好穿，所以决定回购。这次的质量也没有让人失望，会推荐朋友来的。
好评,衣服很满意 质量不错 穿上很舒服
好评,裤子质量很好，店家推荐尺码很合适。我男朋友穿着很合适很帅气。推荐大家购买哦
好评,裤子收到了 好好啊 老公非常喜欢 大小正合适 还会继续关注的
好评,好评，和图上的一模一样，料子也很好，，下次还来这里买
好评,刚收到宝贝，男朋友特别喜欢，物流也是杠杠的快。都挺好的。
好评,布料很好，穿上特别舒服，不起球，长度合适，重要的是穿上很显腿长，很帅。
好评,这裤子非常好，性价比之类的都特别好，穿着非常的非常的舒服，货比三家，绝对是物超所值，下次还会来这家购买，对这次购物非常满意
好评,衣服质量不错，穿着很舒服，款式也很好，全5分好评，下次还买
好评,裤子很好，男盆友穿起来很好看，有型，也舒服，卖家态度也很好，下次还买，想买的盆友快入手把～    评价图片
好评,收到牛仔裤打开包裹的时候，惊呆了。牛仔裤确实很棒，比预想中的好太多！一条牛仔裤有这么精湛工艺，以及客服的服务态度都深深的打动了我。无论是那质量和版型都是让我倍感喜爱。以后买牛仔裤首先考虑你家～
好评,宝贝收到了，很喜欢，质量不错，
好评,裤子收到了，质量不错，价格便宜，穿着舒服，下次我还会来买的
好评,穿着特别舒服，而且有弹性。型也好。
好评,东西不错，貌似号要稍微大点，是棉的，物流也快，应该是年后第一波吧
好评,好想你了，我的人都有自己的生活方式，我的生活了？我就去买的是我自己了！好吧、有个人都不好玩不好玩的好地方。你是一个人都不好玩不好的人是你自己不知道怎么回家的士都江堰救灾的是自己想要的就是这个了！好累了、有的两只狗的我查查条码比价从前一
好评,质量很好的，款式也不错，看起来高档大气，卖家服务还好，不错。
好评,贝质量很好，款式时尚，大小合适，做工精致 穿着舒服，服务很好，谢谢MM
好评,大小合适，样式不错，穿着很舒服
好评,质量不错，价格也合适，裤型也很满意。
好评,裤子和图片一样呢 物美价廉穿起来很舒服下次还来买 快递给力 老板服务很不错，全五分好评
好评,宝贝质量不错，款式时尚大方，颜色很好看，很大气的一款，上身效果很好，很满意的一次购物
好评,裤子质量很不错与图片挺相符，收到货试穿挺合身的腰围也正好，个人觉得挺实惠很满意。
好评,裤子质量不错，面料也挺好的，穿上身很有型。大小也正合适。
好评,物流迅速。衣服质量不错，面料手感好，尺码标准，穿了合身，价格实惠，总体满意，服务态度好，好评
好评,裤子很好啊，我老公穿起来很合身，而且很帅哦，下次还会光顾的，物流也很快，客服态度也是极好极好的。
好评,哈哈，去年夏季就买的这款今年又遇上，当然手起刀落
好评,物流给力，很快收到货，裤子资量OK，穿着适服
好评,裤子穿了一个多月，质量不错，里面很棉和，外型挺酷。我200多斤，穿起来不太显胖。
好评,非常满意，性价比很高，质量真的不错 比想象中的要好
好评,裤子挺好看，质量也不错，老公搭配衣服挺好看也很喜欢穿
好评,今天收到了仔裤。是真正的花花公子品质，衣料好，做工好，式样也好，包装也很仔细，感到挺满意。    但是，因为个人的原因，确定衣服的号码大了一号，不得不更换，有点自找麻烦了。
好评,老公很喜欢这裤子，本来打算给爸爸再买一条的，结果涨价了，裤子的价格也不贵，质量挺好的。好评五星
好评,客服态度很好，裤子也很不错，哥哥穿上帅帅哒。质量是正品没差！果断收藏之，下次还要来！
好评,裤子很好看 弹性也不错 穿着很舒适
好评,宝贝很好，老公穿着很合适，非常喜欢
好评,衣服收到了，试穿了一下衣服大小合适，穿着很年轻衣也好看，做工没话说，好了以后就买你家衣服了。
好评,质量不错 穿的很舒服 很好很好很好
好评,发货挺快，挺好，穿着也挺舒服，很不错的。
好评,很好的，超级好，真的根不错，要买的赶紧买，不买不行。
好评,老公很喜欢衣服不错，质量很好，很满意，
好评,裤子手感舒服，质量很好，做工很讲究，布料很软穿上很舒服，大小合适，不错。
好评,裤子质量非常好，穿起来很舒服，显的腿很修长，有气质
好评,宝贝收到了，质量很多，版型也好看，男朋友穿上很帅气，真是物美价廉，大爱！喜欢的亲快行动哦。
好评,"质量很好。很合身。服务态度好,物流快,穿起来很舒服。比实体店便宜,下次还会继续购买。大家都可以来购买吧！"
好评,商品不错，质量很好，款式简单大方，面料很好，大小合适，穿上很漂亮，值得推荐。
好评,面料舒适度：裤子很好呢，这是买的第二条了，价钱便宜质量优质，服务一流，何乐不为呢，好评。。
好评,质量不错 物流有点慢 不过整体好评～
好评,不错不错，好喜欢，一以就买了两件，京东信你的
好评,裤子收到了，没有色差，穿着舒服，很好。
好评,宝贝收到了，很喜欢，质量不错
好评,按照推荐尺寸，完全偏大。给老爸穿了。
好评,裤子不错呦～同学穿着很合身，卖家推荐的尺码很合适，不大不小，之前没太多的在网上买过裤子，卖家超有耐心的说。
好评,白色有点透，还行还行还行还行还行
好评,不错。这价能买到这样的质量真心不错
好评,东西收到以后马上查看，发现与图片描述一致，超级喜欢，卖家发货速度很快，，服务也很到位，给老板点个赞，下次还会来购买..快递小哥很给力送货上门很！裤子还送了线很周到！一下买了3件 ！要想买的宝贝赶紧下手吧！正品！
好评,不错，就是有点薄，白色的有点透……
好评,质量不错，颜色很正和图片一样，款式很好看，穿着很舒适，给满分
好评,高端大气上档次，物美价廉，用最少的价格买到最好的产品。穿起来很合身，像量身定做的一样。质量很好，浸水洗涤没有褪色。
好评,裤子穿着正合适，值这个价钱，别人看了也觉得好，下次再来
好评,给老公买的，穿上非常合适！裤子版型也好
好评,这次购买的裤子感觉蛮适合，蛮舒服，买了穿了好几次才评价，不过还是牛仔裤的通病洗时有点退色
好评,收到了，款式很好看，穿着很舒服，质量非常好，尺码也没有偏差，非常满意
好评,质量不错，颜色我比较喜欢，听了客服的建议，大小合适，希望快递下次再快点
好评,裤子质量很好 很舒服 样式也好看
好评,货收到了，质量不错，款式喜欢，材质挺好的，做工精细，物流很快
好评,"款式和质量都很好，老公很喜欢，质量还蛮厚的,颜色也很正，确实很不错"
好评,裤子质量不错，货真价实，和店家介绍的基本相符，大小合适，样式也很满意，穿上裤子走路感到很轻便，舒服
好评,做工很确实非常不错，客服服务也非常好，
好评,很好，满意，物流也很快。下次再来
好评,面料手感舒服 款式不错 物美价廉
好评,宝贝质量非常不错做工也很精细价位也不高可以说是物美价廉穿起来也很美观朋友们都说超值客服服务也很到位以后还会光顾你们这个店的
好评,款式高档面料好做工精细质量不错
好评,产品质量很好！价格便宜！值得表扬
好评,"质量非常好，与卖家描述的完全一致，非常满意,真的很喜欢，完全超出期望值，发货速度非常快，包装非常仔细、严实，物流公司服务态度很好，运送速度很快，很满意的一次购物！"
好评,收到货了，说一下个人看法给大家做个参考。首先款式和我想的差不多，跟图片上也一致，属于比较年轻的款，所以年龄上要有所考虑。再者这款裤子的码数偏小一些，所以买的时候买大一码呀。总得来说还是蛮好的，推荐大家购买
好评,裤子质量很不错，物流也很好，值得推荐的店铺，值得购买
好评,裤子很满意，买给弟弟穿的，弟弟很喜欢，尺码，款式都很好，质量也很棒，很喜欢，会一直关注的。
好评,裤子质量特别好，穿在腿上特别舒服。物美价廉，总之一次不错的购物，下次还来他家购物。
好评,卖家服务态度特别好，超耐心，裤子版式也好，料子更是赞得不行，自己很喜欢，朋友也很喜欢，说也要买一条，真的好赞赞赞赞赞赞赞赞赞！
好评,收到了，这么优惠的价格收到质量不错的还挺满意的，而且都没有线头，老公很喜欢。
好评,非常好，baleno完美。 下次继续。
好评,刚刚穿上，感觉还不错。这个价位还可以。
好评,裤子不错，质量很好。卖家的态度很好。很喜欢
好评,裤子挺好看的，很合身，物流特别快，客服服务态度挺不错的，好评，愉快的一次购物
好评,老公很喜欢～穿上很帅～果断好评～
好评,裤子很合适 穿上很帅 客服很热心推荐的尺码很合适 已经收藏店铺下次会光顾的 希望店家越做越好
好评,裤子颜色没有色差，穿起来很舒服，料子挺好，没有什么异味，一看做工挺精细，没有线头什么得，对这条裤子挺满意得，感觉还会再来买得，棒棒哒
好评,质量不错，颜色 也很正，很满意，实物比图片好看款式大气上档次，做工和材质很好的
好评,超级给力，无限魅力，货到神速
好评,裤子对得起这个价格，毕竟只是*的。
好评,裤子质量很好，版型也不错，值得购买
好评,裤子质量相当不错，穿着舒服，有型
好评,之前买过了，M码，冬天打底的。我180，体重67，打的M码刚好，夏天穿就应该长一点，L码。如果是夏天穿的，建议L码。
好评,衣服质量不错，款式时尚，穿起来很合身，和定做的一样，卖家发货很快，我很满意！
好评,宝贝很快收到，包装很不错没压坏，试穿了很合适，质量好是正品，比专卖柜买的实惠，穿上很显气貭高档。值得购买，店家热情。点赞点赞。
好评,不错的裤子 穿着很舒服 衣服的面料 做工都很好
好评,宝贝特别好，穿起来很舒服。尺码刚刚好，朋友都问我是哪里买的，我就给链接了哈哈。下次还会来的
好评,良心话，这件裤子真的是太好了。
好评,质量很不错，摸起来很软。质量很好，棒棒哒。上身非常好看的。颜色也很好看没有色差
好评,"包装的很精致，打开包装一点气味也没有，质量很好，款式好看，颜色和图片上一样，大小正合适，穿着很舒服，感谢店家服务也好，满意"""
好评,质量好 尺寸也刚好 穿在身上很舒服
好评,东西收到了，非常不错，卖家推荐的号也非常准确
好评,货已收到，买大了，小一号就好了。能换不？
好评,已经收到了！感觉有点差强人意！穿了之后再说吧
好评,第一次在京东上购物，我觉得这个裤子质量蛮好的，非常喜欢，而且本人是一个牛仔控，看到牛仔裤就很喜欢呢
好评,裤子收到了，发货很快，质量很好，大小也非常合适，像定做的一样，长短也是我喜欢的
好评,穿了一次，下水洗了，才来评价。版型不错，尺寸合适，就是没达到我想要的弹性，不掉色。好评吧
好评,这个裤子听舍友说很好哦，就想也买一个送哥哥，买回来自己先看了一下，太好了，很惊喜，觉得这个价格值了，这个生日礼物我会送得很满意
差评,这裤子和照片太不相符，太烂了，就和纸一样，希望大家不要和我一样笨，千万别上当
差评,有些偏大，哎，也是ms可
差评,裤子质量真的不好，我拍下的黑色的给我发个蓝色的裤子，真不知道他们的管理跟服务怎么那么差劲?…看来那些好评全是刷上去的…
差评,发错货~无量商家！发错了我就懒的弄了 我怀疑店家是故意的 你们看清楚了才买啊！！！
差评,差劲不知是哪个小作仿加工的
差评,就是垃圾的。没意思我就当少抽包烟。扔了
差评,裤子太差， 褪色
差评,第一次给人差评，想起都生气，客服态度太差了，买两条不一样的裤子，邮过来是两条一样的，什么工作态度，故意的吗？
差评,什么垃圾呀！裤子烂了，要换还让先垫付快递费，你们都是猪吗？烂裤子也发货呢！
差评,垃圾中的战斗机！残次品！规格！劳保服各！谁买谁后悔！
差评,假货！假货假货！
差评,衣服偏大不开心，就是想给差评！！
差评,不咋的，质量太差了
差评,穿起来很保暖 质量不错
差评,买的星空黑 送到是个什么几吧颜色
差评,客服的态度非常差。。
差评,裤子质量不好，看起跟旧的差不多，而且色差跟图片相差悬殊太大，后悔了，退货麻烦，感觉被坑了
差评,"开始就问这裤子胖子可以穿，应该多大码，结果果然能穿，但特么变成紧身裤了, 因为在外地不方便有也懒得退了"
差评,最差的裤子，比路边摊还差，今天刚收到快递，前后洗了十几次，依旧严重掉色。直接当抹布，谁买谁后悔，实实在在评论，不骗谁，不相信抱着我想试一试，你可以去买.
差评,衣服一般，服务很差
差评,在JD第一次买到这种货，穿着好不舒服，很扎身 总感觉有刺扎一样！
差评,货很好 物美价廉 快递也迅速
差评,质量太差了，，，后面口袋也跟图片不一样
差评,裤头太松，，做工差，，
差评,料子不错，尺码不准，太肥大，当睡衣穿了
差评,差评差评差评 衣服都是烂的
差评,裤子很垃圾，发货都给我没检查，裤子还是破的，唉，之退又退不掉，店家不回复，这店大坑了
差评,不好看的。。。和图有严重的区别
差评,价格38 实际到了是48 真坑
差评,拍的宝贝是XL的，结果给我发成L的，结果还让我自己出邮费换，再三跟客服强调要2XL的，客服也答应给我发2XL，结果还是发错了，就是这样不用心的对待客户订单么，太差劲了
差评,为什么申通快递要另外收费。
差评,衣服太大了，送人了
差评,很一般很一般很一般
差评,买的人注意 本人购买15天后才特地回来评价 衣服一般 超级紧身 穿上之后跟绑绳子在身上一样。 一个字 差 号码做的超级小
差评,垃圾得很穿着，就一水桶
差评,质量太差，穿了四五次就烂了
差评,差评！买回来穿了第二次破了个口子、联系客服也不理，还问我怎么整破的，我拿剪子剪的？还在京东呢真是恶心到我了！追加我会附上照片！
差评,裤子的材质和看见的图片完全不一样。。买来都穿不出去。。
差评,和我同型号的衣服相比小了、店家是在省布料吗！
差评,布质很差，粘毛的。不会再买
差评,质地跟之前的差太远，尺寸也变了，跟网页介绍误差太大
差评,不满意的一次购物，卖家不好不好
差评,色差太大，质量还可以
差评,质量不好，根本值不了这个价钱
差评,同样大小号的裤子，要比其他裤子小很多，穿不上
差评,东西很差 还发错了 服务态度还很不好
差评,只能说不喜欢，不喜欢，不喜欢
差评,太难看了款式，。。。。
差评,有差异的产品，下次不会选购了
差评,裤子收到了！不知道什么原因裤子标签是黄的！感觉是旧的！
差评,差劲，穿了一个月，裤裆就破了！
差评,质量很差，而且衣服上面有一层白，换货还不给换。
差评,线头多 跟图片颜色差太多建议皮肤黑的人慎重。店家没有实物图我给大家看看跟他图片上的差别大不大。布料粗糙买了才知道。上传图片只是不想让跟多人买到不喜欢的，本来想退掉但是因为运费问题跟。跟店家闹到京东客服介入。我
差评,不修身 还说什么修身裤呢？
差评,快递慢死了 啊啊啊啊啊啊啊
差评,太薄，含量与图片不符，还没收到衣服就降价很多，没诚信的商家！不会再来了，上当的感觉！！因为穿着大小肥瘦还可以，就没退货，没退不等于满意，就是嫌太麻烦
差评,码数太大！都不知道是怎么定的码
差评,质量很差，还会掉色。
差评,第一次买到裤兜缝进裤裆里去的裤子 我也是醉了
差评,垃圾货，态度不好
差评,刚回来，看起来不错，但是这两天穿的怎么多处开缝，而且越来越多，着质量也太差了，好穿也就几天受不了
差评,一次最差的网购，气味超大，退色洗了后整个手指都是黑色，根本就没法穿
差评,和想象中看到的完全不一样
差评,这背心还忽悠人是高档商品，居然卖的这么好了，简直就是气死人了，连里边的商标都处理不好，穿上扎人都有点受不了，直接解掉了，最多也就值十几元还忽悠人说啥高档货了。气人
差评,跟想像的差好多
差评,我只能这样说：1、裤子如是花花公子品牌，因为它的做工精致都不高。2、物流速度我只能说极慢，我下单到收货用了6天才收到。3、价格不值，另外我买了没两天就减价*。4、我买时说送袜子一双，可到货根本没有，你买后你会感到无语的，因为你不会为了这些事情去费太多时间。    总结：你们自思。
差评,少一点套路 多一点真诚
差评,一星都不想给，裤子不是正品花花公子，还沾毛
差评,不是正品班尼路
差评,感觉不是正品，为什么一条裤子上两个尺码，我买的是30为什么会有31的尺码标签呢？请解释一下
差评,物流慢 线头多 质量差
差评,很明显不是正品，穿着一点都不舒服，档也很小，设计有缺陷，估计是小工厂生产的
差评,一点诚信都没有的商家 过分至极 对我们客户居然欺骗 很好！
差评,只穿一天，衣服就烂了质量太差了，还不给换
差评,垃圾根本没法穿
差评,差评！质量不是一般的差！双十一好忽悠！
差评,非常非常的不满意！ 从下单到收货 中间隔了20天！
差评,第二次光顾，质量各方面都蛮不错的，很好的购物！
差评,裤子都快裂开了，缝的线也都要烂了，布质量感觉也是不怎样，这到底在仓库积压了多久了，别欺负我什么都不懂
差评,同码的两个裤子，大小不一样，问我差了多少，我说裤腰大了2厘米，还说是正常的。你家就是这样做裤子的？客服还不说话。本来屁大个事，搞得人心情不爽了。。
差评,买的黑色，送的蓝色，我也是醉了，送货速度刚好七天，也是没谁了，不过蓝色还行，我比较喜欢黑色
差评,不好。垃圾货
差评,裤子线头全是用火烧的，穿起来好不舒服
差评,聊斋不行 薄的很
差评,质量很差还没穿就烂了……
差评,唉唉跟图片不符合 唉唉唉唉唉唉唉唉唉唉唉唉唉唉唉唉唉唉唉唉唉唉唉唉唉唉唉唉唉唉唉
差评,这次购买非常的不满意，颜色和款式和图片上差别太大了，差评
差评,跟地摊货一样，质量太差了。
差评,非常的失望，穿了一天，裤带线掉了，拍照片给客服，说不清晰，还要拍整条裤子，搞得我好像要呃你们一样，难道我还要去买个单反拍个无ma高清给您么，照片裤带掉了，这么清楚都看不到………………………………非常之失望
差评,发过来的衣服是有破洞的。需要自己把衣服付运费发过去，由他门判断是不是他们的问题，然后再决定是否给你退运费，不然直接从你的退款里面扣除运费！ 首先，商家自己的质检问题，要麻烦到客户来处理不说，所有的风险全部由客户来承担。球员和裁判都是商家自己，这个如何做到监督与提高？ 反正我是不再信任这个品牌了…说了这么多，大家也就自己评判吧…
差评,版型不错，穿起来蛮舒服，就是有一点让我很讨厌，后面缝牌子的线头扎的我又痒又痛，为什么不用别的线？以前卖了一件内衣也是这样，最后把牌子给拆了。
差评,不咋滴，刚买完，还没到货就开始降价，质量也确实是地摊货，还买了两条，哎！图便宜了。。。
差评,垃圾，连快递都不舍得用，EMS一个月才收到货
差评,物流非常快 客服服务态度也非常好 满意！ 衣服挺好看的。不错。
差评,衣服很脏 而且还有印子
差评,这个，版型觉得不合适吧，按着表买的穿着很紧，不过洗了估计也不能给换了。。
差评,收到的裤子和图片相差太大！感觉是假货！面料凭以往的经验来看，可能会很差，属于严重褪色的面料，购买了两条，我先试穿一条，如果褪色严重，另外一条会做退货助理。
差评,大小一直不合适，换了两次最后还是退了。
差评,物流实在不给力，服务忒差，下次不会在来此店了。。。
差评,快递刚过来试了下 合身，今天洗了下，M码变L码了，什么质量？黑心棉吗这是
差评,跟图很不一样，裤腿口也太大了，像老年人穿的
差评,绝对差评，开线，断线，屁股上现在已经全是断开的线头子了。差评差评！！！！！
差评,号不是一般的小
差评,质量太差，面料太差，崴货，以次充好
差评,不好版型不是正版
差评,与图片相差太大
差评,我说的全是实话大家看这是洗的第二遍白水洗转二圈就这样子了。卖家说不掉色，
差评,商家推荐的号码偏小，根本穿不了。
差评,假货！必须差评，别说洗了，手一撮就掉。和小孩子玩的贴画一样
差评,不怎么好物流太慢了
差评,面料不好 不光滑 。。。。。。。。。。。。。。。
差评,太差劲了。裤子上面都是灰 脏兮兮的
差评,质量差 洗衣服还掉色
差评,留言了要三种颜色的，有电话不通知直接留言通知……还直接发了三件同一种颜色的，我也是醉了！
差评,有点小失落。自己穿起来没那么好看。不在给网上买裤子了。除短裤。
差评,说好的返款呢，骗子
差评,刚买回来看着还行，不久布料就已经破了，穿一天汗臭味难闻，质量太差了
差评,快一个月 衣服还没到 还不退钱 呵呵
差评,包装差劲，而且里面有土！袜子还是假的！
差评,布料差的不能再差了，还不如地摊货30的那，真黑，
差评,衣服掉色，我才穿一天就把我坐垫染成了深蓝色，不建议购买。。。
差评,妈的，骗人的，跟我钱个礼拜买的闪爆休闲鞋一模一样，只是换了个吊牌就说是南极人，而且价格还多收我差不多*！京东也出这种手脚来骗人！太气人了
差评,买了没几天就减价了，差评，联系客服态度恶劣，还不退差价
差评,不值这个价格，裤子像旧的一样，不想说太多
差评,衣服不怎么样，容易出毛，而且纽扣很容易就掉了，质量确实差！
差评,卖家太粗心，明明是加绒款，怎么到手的是单裤呢
差评,就是老头衫！需要那种男士修身的，请慎重！
差评,颜色跟介绍差异太大，料子很老旧，不透气
差评,质量一点儿都不好太差了 建议最好不要购买 购买不好还得自己出邮费
差评,就是短了，三件一起买 ，，m 码，居然都不一样长 一样宽，不建议购买
差评,十天时间才送到
差评,还行 续点 背心男 无袖背心男夏季宽肩v领男士健身休闲汗背心
差评,质量一般的，穿一次就变形了
差评,儿不是垃圾衣服*
差评,不满意，搞得我心情很不好
差评,没佣金也没礼品！差评！
差评,太次，布料真心垃圾
差评,写好买两条送裤带，结果没送，跟客服联系客服让我联系卖家，跟卖家留言也没回音，简直是欺骗消费者
差评,上当了，骗子……………………………………自己理解
差评,哎 都无语啦 不知道用什么词来形容这次不爽的购物啦 一个多星期才发货 而且中间还催过两次 半月啦 在此期间没有接到任何延后发货的通知，老板真不怎么，看到衣服也没有心情穿，买衣服时看到差评不太好也没有在意 这次是受教啦 花钱买教训 这是唯一比较值得的地方！！
差评,不行质量太差了，线头超级多。
差评,一点都不直啊，垃圾，到处都是线头，还有些地方没缝好
差评,要加绒的收到的是没加绒的，.图片上的颜色与实物相差太多
差评,有色差！不满意
差评,码子短了，而且裤子内侧有破损，懒得退了……
差评,说是修身，裤脚大的跟喇叭一样，一星都不想给。
差评,不满意，没法穿，
差评,裤子要粘毛不好
差评,大街上十几二十几的背心随处可见，花钱到这来买抹布，质量我就不说了，两边肩膀宽窄都不一样，自己看吧。
差评,裤子洗一次就起了好多毛
差评,就是一层麻布！
差评,裤腿比较肥，裤腿好长。没有上次的版型好
差评,如果有0个星，绝对给你0星！质量不值这个价钱，外面地摊货，裤长和正规的尺寸相差短了5 6厘米。说你二次销售你说不犯法，那你不能裁短了的裤子拿来二次销售呀！还让我拿证据出来！我去…网购从来没有这么生气过！你这销售量怎么好意思刷这么高！
差评,没有看起来的那么好！据说要褪色，暂时还没有洗
差评,穿一次扔了，各种沾毛，黑变白
差评,衣服不是一般差，发货速度太慢了，用17天才到？
差评,垃圾快递、垃圾服务、
差评,京东骗子，匆买，产品有问题，退货不退运费，买者请三思，祝你好运
差评,快递要求京东配送，竟然发个圆通过来，裤子刚刚到手，价格竟然降到***很是气愤??
差评,裤子穿了几天就烂掉了成了乞丐服
差评,太垃圾了，随便标个班尼路的标就是真牌子？一看就是水货，奉劝大家不要浪费这***
差评,真心不怎么样太垃圾了
差评,这特马就是破烂
差评,服务态度不好，我填的地址送不到，还叫我给快递花钱转邮政
差评,差劲，没法说了，压根没法穿
差评,型号不标准，质量太差了，不值这个价！
差评,购买一条加厚款的和一条不加厚款的，商家发货与购买物品不相符合，全部发送 不加厚款，咨询卖家卖家答复是按照下单发送，实物加厚款和不加厚款完全没区别，标牌几乎无区别，存在严重的欺骗行为
差评,我还以为里面有绒，太薄了
差评,很不满意的一次购物，前后身色差，客服说不是质量问题！
差评,根本不是纯棉的，超级差
差评,不怎么地感觉让坑了
差评,物流龟速，商铺老板不理不睬
差评,不好，裤子洗过以后掉色，发白
差评,服装制作过程中甲醛含量超标，气味很大，熏得头疼
差评,买了最大号，居然还是穿不下，给小孩穿还行
差评,差，掉色太太太厉害了
差评,退货商家态度恶劣，要不是京东客服货款都不退，我也是醉了！
差评,我靠这衣服只价值*，买了后悔一辈子！算我黑仔！
差评,码偏小啊?‘
差评,像女人的背心，不敢恭维
差评,我真得吐槽了 买了两件XL大小的 一件黑一件白的 对比了一下 黑的竟然小很多 怎么穿 卖家挑衣服的时候尺寸真给力 两件标牌都不一样 还同一款？？？？？这黑色的180衣服简直就是170的
差评,码数小的太离普了！我想问是正牌嘛？？
差评,太薄，抬腿裤子开裆，不说，看图为证。客服居然说不能运动，废话，买裤子不能抬腿吗？
差评,一般，款式老，面料比较粗糙，
差评,等了一周才到的而且让我去很远的地方去拿， 裤子拆开拿到手里就发现手上是裤子的颜料，掉色太严重了，大家千万不要买啊！！！ 好坑啊
差评,妈的，人生第一次穿那么恶心的裤子！这样也太不符合图片的样式了，居然平邮等八天才收到，，，，，，直接愣了，。。。大家不要买千万别上当，我要投诉投诉
差评,衣服收到破的怎没人管了
差评,不满意 售后服务差 产品太烂 要换 还发火
差评,衣服太少了买来没法穿呀。偷工减料的产品怎么行呢？
差评,物流太慢，差评
差评,差差嚓擦差差
差评,不建议买，首先是样式不好看，其次卖家态度很差，最后物流慢，不想匿名
差评,你*的就给我这样的裤子？特么的这是我在京东唯一一次买到烂东西，就你这家店，你老母的，老子准备过年穿的，滚你*，给你一星都奢侈
差评,商品太差了，不建议买，不好穿，没法穿
差评,买的商品跟路边摊的差不多
差评,衣服很差s号就很大，很溥，没有形，与介绍的相差太大
差评,重未有过这么快的快递，让邮政小包都汗颜
差评,不合适袖口太大设计不好看
差评,衣服很容易破，裂开，真的是一分钱一分货！有点失望。
差评,色差太大了 ，快递也够慢的